class,filename,path,url,data_origin,retrieved_date,issuing_authority,PDF_or_text
Circulers,1981 10 19.jpg,\data\task1_raw_input\data_source_physical_archives_manual\v0_0\files\Circulers\1981 10 19.jpg,,original_dataset,,Tea Board Circulers,
Circulers,1982 03 31.jpg,\data\task1_raw_input\data_source_physical_archives_manual\v0_0\files\Circulers\1982 03 31.jpg,,original_dataset,,Tea Board Circulers,
Circulers,1993 11 22.jpg,\data\task1_raw_input\data_source_physical_archives_manual\v0_0\files\Circulers\1993 11 22.jpg,,original_dataset,,Tea Board Circulers,
Circulers,1998 10 30.jpg,\data\task1_raw_input\data_source_physical_archives_manual\v0_0\files\Circulers\1998 10 30.jpg,,original_dataset,,Tea Board Circulers,
Circulers,2.pdf,\data\task1_raw_input\data_source_physical_archives_manual\v0_0\files\Circulers\2.pdf,,original_dataset,,Tea Board Circulers,
Circulers,3.pdf,\data\task1_raw_input\data_source_physical_archives_manual\v0_0\files\Circulers\3.pdf,,original_dataset,,Tea Board Circulers,
Circulers,4.pdf,\data\task1_raw_input\data_source_physical_archives_manual\v0_0\files\Circulers\4.pdf,,original_dataset,,Tea Board Circulers,
Circulers,5.pdf,\data\task1_raw_input\data_source_physical_archives_manual\v0_0\files\Circulers\5.pdf,,original_dataset,,Tea Board Circulers,
Circulers,AL MQS 08.pdf,\data\task1_raw_input\data_source_physical_archives_manual\v0_0\files\Circulers\AL MQS 08.pdf,,original_dataset,,Tea Board Circulers,
Circulers,AL MRL 07.pdf,\data\task1_raw_input\data_source_physical_archives_manual\v0_0\files\Circulers\AL MRL 07.pdf,,original_dataset,,Tea Board Circulers,
Circulers,AL PEST DG 06.pdf,\data\task1_raw_input\data_source_physical_archives_manual\v0_0\files\Circulers\AL PEST DG 06.pdf,,original_dataset,,Tea Board Circulers,
Circulers,AL- MQS- REV -2010 - 02 2010 04 26.pdf,\data\task1_raw_input\data_source_physical_archives_manual\v0_0\files\Circulers\AL- MQS- REV -2010 - 02 2010 04 26.pdf,,original_dataset,,Tea Board Circulers,
Circulers,AL- MQS- REV -2010 - 02.pdf,\data\task1_raw_input\data_source_physical_archives_manual\v0_0\files\Circulers\AL- MQS- REV -2010 - 02.pdf,,original_dataset,,Tea Board Circulers,
Circulers,AL- MQS- REV -2010 - 1 2010 04 26.pdf,\data\task1_raw_input\data_source_physical_archives_manual\v0_0\files\Circulers\AL- MQS- REV -2010 - 1 2010 04 26.pdf,,original_dataset,,Tea Board Circulers,
Circulers,AL- MQS- REV -2010 - 1.pdf,\data\task1_raw_input\data_source_physical_archives_manual\v0_0\files\Circulers\AL- MQS- REV -2010 - 1.pdf,,original_dataset,,Tea Board Circulers,
Circulers,AL- MQS- REV -2010 - 2 2010 04 26.pdf,\data\task1_raw_input\data_source_physical_archives_manual\v0_0\files\Circulers\AL- MQS- REV -2010 - 2 2010 04 26.pdf,,original_dataset,,Tea Board Circulers,
Circulers,AL- MQS- REV -2010 - 2.pdf,\data\task1_raw_input\data_source_physical_archives_manual\v0_0\files\Circulers\AL- MQS- REV -2010 - 2.pdf,,original_dataset,,Tea Board Circulers,
Circulers,AL- MQS- REV -2010 -01 2010 04 26.pdf,\data\task1_raw_input\data_source_physical_archives_manual\v0_0\files\Circulers\AL- MQS- REV -2010 -01 2010 04 26.pdf,,original_dataset,,Tea Board Circulers,
Circulers,AL- MQS- REV -2010 -01.pdf,\data\task1_raw_input\data_source_physical_archives_manual\v0_0\files\Circulers\AL- MQS- REV -2010 -01.pdf,,original_dataset,,Tea Board Circulers,
Circulers,AL-MOS-8-1 2008 04 24.pdf,\data\task1_raw_input\data_source_physical_archives_manual\v0_0\files\Circulers\AL-MOS-8-1 2008 04 24.pdf,,original_dataset,,Tea Board Circulers,
Circulers,AL-MOS-8-1.pdf,\data\task1_raw_input\data_source_physical_archives_manual\v0_0\files\Circulers\AL-MOS-8-1.pdf,,original_dataset,,Tea Board Circulers,
Circulers,AL-MOS-8-2 2008 04 24.pdf,\data\task1_raw_input\data_source_physical_archives_manual\v0_0\files\Circulers\AL-MOS-8-2 2008 04 24.pdf,,original_dataset,,Tea Board Circulers,
Circulers,AL-MOS-8-2.pdf,\data\task1_raw_input\data_source_physical_archives_manual\v0_0\files\Circulers\AL-MOS-8-2.pdf,,original_dataset,,Tea Board Circulers,
Circulers,al-mqs-08 2008 04 24.pdf,\data\task1_raw_input\data_source_physical_archives_manual\v0_0\files\Circulers\al-mqs-08 2008 04 24.pdf,,original_dataset,,Tea Board Circulers,
Circulers,AL-MQS-08-01-A 2008 04 24.pdf,\data\task1_raw_input\data_source_physical_archives_manual\v0_0\files\Circulers\AL-MQS-08-01-A 2008 04 24.pdf,,original_dataset,,Tea Board Circulers,
Circulers,AL-MQS-08-01-A.pdf,\data\task1_raw_input\data_source_physical_archives_manual\v0_0\files\Circulers\AL-MQS-08-01-A.pdf,,original_dataset,,Tea Board Circulers,
Circulers,AL-MQS-08-01-B 2008 04 24.pdf,\data\task1_raw_input\data_source_physical_archives_manual\v0_0\files\Circulers\AL-MQS-08-01-B 2008 04 24.pdf,,original_dataset,,Tea Board Circulers,
Circulers,AL-MQS-08-01-B.pdf,\data\task1_raw_input\data_source_physical_archives_manual\v0_0\files\Circulers\AL-MQS-08-01-B.pdf,,original_dataset,,Tea Board Circulers,
Circulers,AL-MQS-08-02 B 2008 04 24.pdf,\data\task1_raw_input\data_source_physical_archives_manual\v0_0\files\Circulers\AL-MQS-08-02 B 2008 04 24.pdf,,original_dataset,,Tea Board Circulers,
Circulers,AL-MQS-08-02 B PAGE 2 2008 04 24.pdf,\data\task1_raw_input\data_source_physical_archives_manual\v0_0\files\Circulers\AL-MQS-08-02 B PAGE 2 2008 04 24.pdf,,original_dataset,,Tea Board Circulers,
Circulers,AL-MQS-08-02 B PAGE 2.pdf,\data\task1_raw_input\data_source_physical_archives_manual\v0_0\files\Circulers\AL-MQS-08-02 B PAGE 2.pdf,,original_dataset,,Tea Board Circulers,
Circulers,AL-MQS-08-02 B.pdf,\data\task1_raw_input\data_source_physical_archives_manual\v0_0\files\Circulers\AL-MQS-08-02 B.pdf,,original_dataset,,Tea Board Circulers,
Circulers,AL-MQS-08-1 2008 04 24.pdf,\data\task1_raw_input\data_source_physical_archives_manual\v0_0\files\Circulers\AL-MQS-08-1 2008 04 24.pdf,,original_dataset,,Tea Board Circulers,
Circulers,AL-MQS-08-1.pdf,\data\task1_raw_input\data_source_physical_archives_manual\v0_0\files\Circulers\AL-MQS-08-1.pdf,,original_dataset,,Tea Board Circulers,
Circulers,AL-MQS-08-2 2008 04 24.pdf,\data\task1_raw_input\data_source_physical_archives_manual\v0_0\files\Circulers\AL-MQS-08-2 2008 04 24.pdf,,original_dataset,,Tea Board Circulers,
Circulers,AL-MQS-08-2.pdf,\data\task1_raw_input\data_source_physical_archives_manual\v0_0\files\Circulers\AL-MQS-08-2.pdf,,original_dataset,,Tea Board Circulers,
Circulers,AL-MQS-REV2010-02 2008 04 24.pdf,\data\task1_raw_input\data_source_physical_archives_manual\v0_0\files\Circulers\AL-MQS-REV2010-02 2008 04 24.pdf,,original_dataset,,Tea Board Circulers,
Circulers,AL-MQS-REV2010-02.pdf,\data\task1_raw_input\data_source_physical_archives_manual\v0_0\files\Circulers\AL-MQS-REV2010-02.pdf,,original_dataset,,Tea Board Circulers,
Circulers,AL-MQS-REV2010-03 2008 04 24.pdf,\data\task1_raw_input\data_source_physical_archives_manual\v0_0\files\Circulers\AL-MQS-REV2010-03 2008 04 24.pdf,,original_dataset,,Tea Board Circulers,
Circulers,AL-MQS-REV2010-03.pdf,\data\task1_raw_input\data_source_physical_archives_manual\v0_0\files\Circulers\AL-MQS-REV2010-03.pdf,,original_dataset,,Tea Board Circulers,
Circulers,AL-MRL-07 2007 08 21 (10).pdf,\data\task1_raw_input\data_source_physical_archives_manual\v0_0\files\Circulers\AL-MRL-07 2007 08 21 (10).pdf,,original_dataset,,Tea Board Circulers,
Circulers,AL-MRL-07 2007 08 21 (2).pdf,\data\task1_raw_input\data_source_physical_archives_manual\v0_0\files\Circulers\AL-MRL-07 2007 08 21 (2).pdf,,original_dataset,,Tea Board Circulers,
Circulers,AL-MRL-07 2007 08 21 (3).pdf,\data\task1_raw_input\data_source_physical_archives_manual\v0_0\files\Circulers\AL-MRL-07 2007 08 21 (3).pdf,,original_dataset,,Tea Board Circulers,
Circulers,AL-MRL-07 2007 08 21 (4).pdf,\data\task1_raw_input\data_source_physical_archives_manual\v0_0\files\Circulers\AL-MRL-07 2007 08 21 (4).pdf,,original_dataset,,Tea Board Circulers,
Circulers,AL-MRL-07 2007 08 21 (5).pdf,\data\task1_raw_input\data_source_physical_archives_manual\v0_0\files\Circulers\AL-MRL-07 2007 08 21 (5).pdf,,original_dataset,,Tea Board Circulers,
Circulers,AL-MRL-07 2007 08 21 (6).pdf,\data\task1_raw_input\data_source_physical_archives_manual\v0_0\files\Circulers\AL-MRL-07 2007 08 21 (6).pdf,,original_dataset,,Tea Board Circulers,
Circulers,AL-MRL-07 2007 08 21 (7).pdf,\data\task1_raw_input\data_source_physical_archives_manual\v0_0\files\Circulers\AL-MRL-07 2007 08 21 (7).pdf,,original_dataset,,Tea Board Circulers,
Circulers,AL-MRL-07 2007 08 21 (8).pdf,\data\task1_raw_input\data_source_physical_archives_manual\v0_0\files\Circulers\AL-MRL-07 2007 08 21 (8).pdf,,original_dataset,,Tea Board Circulers,
Circulers,AL-MRL-07 2007 08 21 (9).pdf,\data\task1_raw_input\data_source_physical_archives_manual\v0_0\files\Circulers\AL-MRL-07 2007 08 21 (9).pdf,,original_dataset,,Tea Board Circulers,
Circulers,AL-MRL-07 2007 08 21.pdf,\data\task1_raw_input\data_source_physical_archives_manual\v0_0\files\Circulers\AL-MRL-07 2007 08 21.pdf,,original_dataset,,Tea Board Circulers,
Circulers,AL-MRL-07 ANNEXURE 1.pdf,\data\task1_raw_input\data_source_physical_archives_manual\v0_0\files\Circulers\AL-MRL-07 ANNEXURE 1.pdf,,original_dataset,,Tea Board Circulers,
Circulers,AL-MRL-07 ANNEXURE 2.pdf,\data\task1_raw_input\data_source_physical_archives_manual\v0_0\files\Circulers\AL-MRL-07 ANNEXURE 2.pdf,,original_dataset,,Tea Board Circulers,
Circulers,AL-MRL-07 ANNEXURE 3.pdf,\data\task1_raw_input\data_source_physical_archives_manual\v0_0\files\Circulers\AL-MRL-07 ANNEXURE 3.pdf,,original_dataset,,Tea Board Circulers,
Circulers,AL-MRL-07 ANNEXURE 4.pdf,\data\task1_raw_input\data_source_physical_archives_manual\v0_0\files\Circulers\AL-MRL-07 ANNEXURE 4.pdf,,original_dataset,,Tea Board Circulers,
Circulers,AL-MRL-07 ANNEXURE 5.pdf,\data\task1_raw_input\data_source_physical_archives_manual\v0_0\files\Circulers\AL-MRL-07 ANNEXURE 5.pdf,,original_dataset,,Tea Board Circulers,
Circulers,AL-MRL-07 ANNEXURE 6.pdf,\data\task1_raw_input\data_source_physical_archives_manual\v0_0\files\Circulers\AL-MRL-07 ANNEXURE 6.pdf,,original_dataset,,Tea Board Circulers,
Circulers,AL-MRL-07 ANNEXURE 7.pdf,\data\task1_raw_input\data_source_physical_archives_manual\v0_0\files\Circulers\AL-MRL-07 ANNEXURE 7.pdf,,original_dataset,,Tea Board Circulers,
Circulers,AL-MRL-07 PAGE 2.pdf,\data\task1_raw_input\data_source_physical_archives_manual\v0_0\files\Circulers\AL-MRL-07 PAGE 2.pdf,,original_dataset,,Tea Board Circulers,
Circulers,AL-MRL-07.pdf,\data\task1_raw_input\data_source_physical_archives_manual\v0_0\files\Circulers\AL-MRL-07.pdf,,original_dataset,,Tea Board Circulers,
Circulers,AL-MRL-13.pdf,\data\task1_raw_input\data_source_physical_archives_manual\v0_0\files\Circulers\AL-MRL-13.pdf,,original_dataset,,Tea Board Circulers,
Circulers,AL-MRL-132013 11 29.pdf,\data\task1_raw_input\data_source_physical_archives_manual\v0_0\files\Circulers\AL-MRL-132013 11 29.pdf,,original_dataset,,Tea Board Circulers,
Circulers,AL-PEST-DG-06 2006 08 05.pdf,\data\task1_raw_input\data_source_physical_archives_manual\v0_0\files\Circulers\AL-PEST-DG-06 2006 08 05.pdf,,original_dataset,,Tea Board Circulers,
Circulers,BL 1988 05 26.jpg,\data\task1_raw_input\data_source_physical_archives_manual\v0_0\files\Circulers\BL 1988 05 26.jpg,,original_dataset,,Tea Board Circulers,
Circulers,BL 1989 11 02.jpg,\data\task1_raw_input\data_source_physical_archives_manual\v0_0\files\Circulers\BL 1989 11 02.jpg,,original_dataset,,Tea Board Circulers,
Circulers,BL 40 1977 11 08.jpg,\data\task1_raw_input\data_source_physical_archives_manual\v0_0\files\Circulers\BL 40 1977 11 08.jpg,,original_dataset,,Tea Board Circulers,
Circulers,Capture.PNG,\data\task1_raw_input\data_source_physical_archives_manual\v0_0\files\Circulers\Capture.PNG,,original_dataset,,Tea Board Circulers,
Circulers,Capture1.PNG,\data\task1_raw_input\data_source_physical_archives_manual\v0_0\files\Circulers\Capture1.PNG,,original_dataset,,Tea Board Circulers,
Circulers,Capture3.PNG,\data\task1_raw_input\data_source_physical_archives_manual\v0_0\files\Circulers\Capture3.PNG,,original_dataset,,Tea Board Circulers,
Circulers,CR 3 4 (1) C  II.pdf,\data\task1_raw_input\data_source_physical_archives_manual\v0_0\files\Circulers\CR 3 4 (1) C  II.pdf,,original_dataset,,Tea Board Circulers,
Circulers,CR 3 4 (1) C.pdf,\data\task1_raw_input\data_source_physical_archives_manual\v0_0\files\Circulers\CR 3 4 (1) C.pdf,,original_dataset,,Tea Board Circulers,
Circulers,EA-1-110-1 2004 03 02.pdf,\data\task1_raw_input\data_source_physical_archives_manual\v0_0\files\Circulers\EA-1-110-1 2004 03 02.pdf,,original_dataset,,Tea Board Circulers,
Circulers,EA-1-110-1.pdf,\data\task1_raw_input\data_source_physical_archives_manual\v0_0\files\Circulers\EA-1-110-1.pdf,,original_dataset,,Tea Board Circulers,
Circulers,EA-1-110-2 2004 01 06.pdf,\data\task1_raw_input\data_source_physical_archives_manual\v0_0\files\Circulers\EA-1-110-2 2004 01 06.pdf,,original_dataset,,Tea Board Circulers,
Circulers,EA-1-110-2.pdf,\data\task1_raw_input\data_source_physical_archives_manual\v0_0\files\Circulers\EA-1-110-2.pdf,,original_dataset,,Tea Board Circulers,
Circulers,EA-1-110-3 2004 01 06.pdf,\data\task1_raw_input\data_source_physical_archives_manual\v0_0\files\Circulers\EA-1-110-3 2004 01 06.pdf,,original_dataset,,Tea Board Circulers,
Circulers,EA-1-110-3.pdf,\data\task1_raw_input\data_source_physical_archives_manual\v0_0\files\Circulers\EA-1-110-3.pdf,,original_dataset,,Tea Board Circulers,
Circulers,form it- im - 1.pdf,\data\task1_raw_input\data_source_physical_archives_manual\v0_0\files\Circulers\form it- im - 1.pdf,,original_dataset,,Tea Board Circulers,
Circulers,GLD 2011 1.jpg,\data\task1_raw_input\data_source_physical_archives_manual\v0_0\files\Circulers\GLD 2011 1.jpg,,original_dataset,,Tea Board Circulers,
Circulers,img171.jpg,\data\task1_raw_input\data_source_physical_archives_manual\v0_0\files\Circulers\img171.jpg,,original_dataset,,Tea Board Circulers,
Circulers,it-im-ul.pdf,\data\task1_raw_input\data_source_physical_archives_manual\v0_0\files\Circulers\it-im-ul.pdf,,original_dataset,,Tea Board Circulers,
Circulers,L D 1.jpg,\data\task1_raw_input\data_source_physical_archives_manual\v0_0\files\Circulers\L D 1.jpg,,original_dataset,,Tea Board Circulers,
Circulers,M F BL 63 1985 02 21.pdf,\data\task1_raw_input\data_source_physical_archives_manual\v0_0\files\Circulers\M F BL 63 1985 02 21.pdf,,original_dataset,,Tea Board Circulers,
Circulers,MF BL 116 I.jpg,\data\task1_raw_input\data_source_physical_archives_manual\v0_0\files\Circulers\MF BL 116 I.jpg,,original_dataset,,Tea Board Circulers,
Circulers,MF BL 116 II.jpg,\data\task1_raw_input\data_source_physical_archives_manual\v0_0\files\Circulers\MF BL 116 II.jpg,,original_dataset,,Tea Board Circulers,
Circulers,MF BL 119 (2).jpg,\data\task1_raw_input\data_source_physical_archives_manual\v0_0\files\Circulers\MF BL 119 (2).jpg,,original_dataset,,Tea Board Circulers,
Circulers,mf bl 119.jpg,\data\task1_raw_input\data_source_physical_archives_manual\v0_0\files\Circulers\mf bl 119.jpg,,original_dataset,,Tea Board Circulers,
Circulers,MF BL 146 (2).jpg,\data\task1_raw_input\data_source_physical_archives_manual\v0_0\files\Circulers\MF BL 146 (2).jpg,,original_dataset,,Tea Board Circulers,
Circulers,MF BL 146.jpg,\data\task1_raw_input\data_source_physical_archives_manual\v0_0\files\Circulers\MF BL 146.jpg,,original_dataset,,Tea Board Circulers,
Circulers,MF BL 19 II.jpg,\data\task1_raw_input\data_source_physical_archives_manual\v0_0\files\Circulers\MF BL 19 II.jpg,,original_dataset,,Tea Board Circulers,
Circulers,MF BL 19.jpg,\data\task1_raw_input\data_source_physical_archives_manual\v0_0\files\Circulers\MF BL 19.jpg,,original_dataset,,Tea Board Circulers,
Circulers,MF BL 28 1973 11 09.pdf,\data\task1_raw_input\data_source_physical_archives_manual\v0_0\files\Circulers\MF BL 28 1973 11 09.pdf,,original_dataset,,Tea Board Circulers,
Circulers,MF BL 34 (2).jpg,\data\task1_raw_input\data_source_physical_archives_manual\v0_0\files\Circulers\MF BL 34 (2).jpg,,original_dataset,,Tea Board Circulers,
Circulers,MF BL 34.jpg,\data\task1_raw_input\data_source_physical_archives_manual\v0_0\files\Circulers\MF BL 34.jpg,,original_dataset,,Tea Board Circulers,
Circulers,MF BL 40.jpg,\data\task1_raw_input\data_source_physical_archives_manual\v0_0\files\Circulers\MF BL 40.jpg,,original_dataset,,Tea Board Circulers,
Circulers,MF BL 5 I.jpg,\data\task1_raw_input\data_source_physical_archives_manual\v0_0\files\Circulers\MF BL 5 I.jpg,,original_dataset,,Tea Board Circulers,
Circulers,MF BL 5 III.jpg,\data\task1_raw_input\data_source_physical_archives_manual\v0_0\files\Circulers\MF BL 5 III.jpg,,original_dataset,,Tea Board Circulers,
Circulers,MF BL 5.jpg,\data\task1_raw_input\data_source_physical_archives_manual\v0_0\files\Circulers\MF BL 5.jpg,,original_dataset,,Tea Board Circulers,
Circulers,MF BL 58 1983 04 12.pdf,\data\task1_raw_input\data_source_physical_archives_manual\v0_0\files\Circulers\MF BL 58 1983 04 12.pdf,,original_dataset,,Tea Board Circulers,
Circulers,MF BL 59 1983 10 10.pdf,\data\task1_raw_input\data_source_physical_archives_manual\v0_0\files\Circulers\MF BL 59 1983 10 10.pdf,,original_dataset,,Tea Board Circulers,
Circulers,MF BL 6.pdf,\data\task1_raw_input\data_source_physical_archives_manual\v0_0\files\Circulers\MF BL 6.pdf,,original_dataset,,Tea Board Circulers,
Circulers,MF Bl 62 1984 08 30.pdf,\data\task1_raw_input\data_source_physical_archives_manual\v0_0\files\Circulers\MF Bl 62 1984 08 30.pdf,,original_dataset,,Tea Board Circulers,
Circulers,MF BL 62.jpg,\data\task1_raw_input\data_source_physical_archives_manual\v0_0\files\Circulers\MF BL 62.jpg,,original_dataset,,Tea Board Circulers,
Circulers,MF BL 66 1985 10 02.pdf,\data\task1_raw_input\data_source_physical_archives_manual\v0_0\files\Circulers\MF BL 66 1985 10 02.pdf,,original_dataset,,Tea Board Circulers,
Circulers,MF BL 67 1985 12 31.pdf,\data\task1_raw_input\data_source_physical_archives_manual\v0_0\files\Circulers\MF BL 67 1985 12 31.pdf,,original_dataset,,Tea Board Circulers,
Circulers,MF BL 67 B 1986 02 10.pdf,\data\task1_raw_input\data_source_physical_archives_manual\v0_0\files\Circulers\MF BL 67 B 1986 02 10.pdf,,original_dataset,,Tea Board Circulers,
Circulers,MF BL 7.pdf,\data\task1_raw_input\data_source_physical_archives_manual\v0_0\files\Circulers\MF BL 7.pdf,,original_dataset,,Tea Board Circulers,
Circulers,MF BL 73 1986 09 30.pdf,\data\task1_raw_input\data_source_physical_archives_manual\v0_0\files\Circulers\MF BL 73 1986 09 30.pdf,,original_dataset,,Tea Board Circulers,
Circulers,MF BL 79 I.jpg,\data\task1_raw_input\data_source_physical_archives_manual\v0_0\files\Circulers\MF BL 79 I.jpg,,original_dataset,,Tea Board Circulers,
Circulers,Mf BL 79 II.jpg,\data\task1_raw_input\data_source_physical_archives_manual\v0_0\files\Circulers\Mf BL 79 II.jpg,,original_dataset,,Tea Board Circulers,
Circulers,MF BL 89.jpg,\data\task1_raw_input\data_source_physical_archives_manual\v0_0\files\Circulers\MF BL 89.jpg,,original_dataset,,Tea Board Circulers,
Circulers,MF BL 99.jpg,\data\task1_raw_input\data_source_physical_archives_manual\v0_0\files\Circulers\MF BL 99.jpg,,original_dataset,,Tea Board Circulers,
Circulers,MF BL.jpg,\data\task1_raw_input\data_source_physical_archives_manual\v0_0\files\Circulers\MF BL.jpg,,original_dataset,,Tea Board Circulers,
Circulers,MF BL0001.pdf,\data\task1_raw_input\data_source_physical_archives_manual\v0_0\files\Circulers\MF BL0001.pdf,,original_dataset,,Tea Board Circulers,
Circulers,MF BL022 1970 12 10 S.pdf,\data\task1_raw_input\data_source_physical_archives_manual\v0_0\files\Circulers\MF BL022 1970 12 10 S.pdf,,original_dataset,,Tea Board Circulers,
Circulers,MF BL028 1973 11 09 S.pdf,\data\task1_raw_input\data_source_physical_archives_manual\v0_0\files\Circulers\MF BL028 1973 11 09 S.pdf,,original_dataset,,Tea Board Circulers,
Circulers,MF BL054 1982 01 20 S.pdf,\data\task1_raw_input\data_source_physical_archives_manual\v0_0\files\Circulers\MF BL054 1982 01 20 S.pdf,,original_dataset,,Tea Board Circulers,
Circulers,MF BL057 1983 03 08 S.pdf,\data\task1_raw_input\data_source_physical_archives_manual\v0_0\files\Circulers\MF BL057 1983 03 08 S.pdf,,original_dataset,,Tea Board Circulers,
Circulers,MF BL058 1983 04 12 S.pdf,\data\task1_raw_input\data_source_physical_archives_manual\v0_0\files\Circulers\MF BL058 1983 04 12 S.pdf,,original_dataset,,Tea Board Circulers,
Circulers,MF BL059 1983 10 10 S.pdf,\data\task1_raw_input\data_source_physical_archives_manual\v0_0\files\Circulers\MF BL059 1983 10 10 S.pdf,,original_dataset,,Tea Board Circulers,
Circulers,MF BL060 1984 02 06 S.pdf,\data\task1_raw_input\data_source_physical_archives_manual\v0_0\files\Circulers\MF BL060 1984 02 06 S.pdf,,original_dataset,,Tea Board Circulers,
Circulers,MF BL061 1984 08 30 S.pdf,\data\task1_raw_input\data_source_physical_archives_manual\v0_0\files\Circulers\MF BL061 1984 08 30 S.pdf,,original_dataset,,Tea Board Circulers,
Circulers,MF BL063 1985 02 21 S.pdf,\data\task1_raw_input\data_source_physical_archives_manual\v0_0\files\Circulers\MF BL063 1985 02 21 S.pdf,,original_dataset,,Tea Board Circulers,
Circulers,MF BL064 1985 06 17 S.pdf,\data\task1_raw_input\data_source_physical_archives_manual\v0_0\files\Circulers\MF BL064 1985 06 17 S.pdf,,original_dataset,,Tea Board Circulers,
Circulers,MF BL065 1986 02 26 S.pdf,\data\task1_raw_input\data_source_physical_archives_manual\v0_0\files\Circulers\MF BL065 1986 02 26 S.pdf,,original_dataset,,Tea Board Circulers,
Circulers,MF BL066 1985 10 02 S.pdf,\data\task1_raw_input\data_source_physical_archives_manual\v0_0\files\Circulers\MF BL066 1985 10 02 S.pdf,,original_dataset,,Tea Board Circulers,
Circulers,MF BL067 1985 12 31 S.pdf,\data\task1_raw_input\data_source_physical_archives_manual\v0_0\files\Circulers\MF BL067 1985 12 31 S.pdf,,original_dataset,,Tea Board Circulers,
Circulers,MF BL067B 1986 02 10 S.pdf,\data\task1_raw_input\data_source_physical_archives_manual\v0_0\files\Circulers\MF BL067B 1986 02 10 S.pdf,,original_dataset,,Tea Board Circulers,
Circulers,MF BL069 1986 01 18 S.pdf,\data\task1_raw_input\data_source_physical_archives_manual\v0_0\files\Circulers\MF BL069 1986 01 18 S.pdf,,original_dataset,,Tea Board Circulers,
Circulers,MF BL070 1986 07 16 S.pdf,\data\task1_raw_input\data_source_physical_archives_manual\v0_0\files\Circulers\MF BL070 1986 07 16 S.pdf,,original_dataset,,Tea Board Circulers,
Circulers,MF BL070 1986 07 16.pdf,\data\task1_raw_input\data_source_physical_archives_manual\v0_0\files\Circulers\MF BL070 1986 07 16.pdf,,original_dataset,,Tea Board Circulers,
Circulers,MF BL071 1986 08 28 S.pdf,\data\task1_raw_input\data_source_physical_archives_manual\v0_0\files\Circulers\MF BL071 1986 08 28 S.pdf,,original_dataset,,Tea Board Circulers,
Circulers,MF BL071 1986 08 28.pdf,\data\task1_raw_input\data_source_physical_archives_manual\v0_0\files\Circulers\MF BL071 1986 08 28.pdf,,original_dataset,,Tea Board Circulers,
Circulers,MF BL072 1986 09 09 S.pdf,\data\task1_raw_input\data_source_physical_archives_manual\v0_0\files\Circulers\MF BL072 1986 09 09 S.pdf,,original_dataset,,Tea Board Circulers,
Circulers,MF BL072A.pdf,\data\task1_raw_input\data_source_physical_archives_manual\v0_0\files\Circulers\MF BL072A.pdf,,original_dataset,,Tea Board Circulers,
Circulers,MF BL073 1986 09 30 S.pdf,\data\task1_raw_input\data_source_physical_archives_manual\v0_0\files\Circulers\MF BL073 1986 09 30 S.pdf,,original_dataset,,Tea Board Circulers,
Circulers,MF BL074 1987 04 10.pdf,\data\task1_raw_input\data_source_physical_archives_manual\v0_0\files\Circulers\MF BL074 1987 04 10.pdf,,original_dataset,,Tea Board Circulers,
Circulers,MF BL075 1983 07 03 S.pdf,\data\task1_raw_input\data_source_physical_archives_manual\v0_0\files\Circulers\MF BL075 1983 07 03 S.pdf,,original_dataset,,Tea Board Circulers,
Circulers,MF BL075 1987 07 03.pdf,\data\task1_raw_input\data_source_physical_archives_manual\v0_0\files\Circulers\MF BL075 1987 07 03.pdf,,original_dataset,,Tea Board Circulers,
Circulers,MF BL076 1987 08 12 S.pdf,\data\task1_raw_input\data_source_physical_archives_manual\v0_0\files\Circulers\MF BL076 1987 08 12 S.pdf,,original_dataset,,Tea Board Circulers,
Circulers,MF BL076 1987 08 12.pdf,\data\task1_raw_input\data_source_physical_archives_manual\v0_0\files\Circulers\MF BL076 1987 08 12.pdf,,original_dataset,,Tea Board Circulers,
Circulers,MF BL077 1987 09 17 S.pdf,\data\task1_raw_input\data_source_physical_archives_manual\v0_0\files\Circulers\MF BL077 1987 09 17 S.pdf,,original_dataset,,Tea Board Circulers,
Circulers,MF BL077 1987 09 17.pdf,\data\task1_raw_input\data_source_physical_archives_manual\v0_0\files\Circulers\MF BL077 1987 09 17.pdf,,original_dataset,,Tea Board Circulers,
Circulers,MF BL078 1987 12 01 S.pdf,\data\task1_raw_input\data_source_physical_archives_manual\v0_0\files\Circulers\MF BL078 1987 12 01 S.pdf,,original_dataset,,Tea Board Circulers,
Circulers,MF BL079 1988 08 08 S.pdf,\data\task1_raw_input\data_source_physical_archives_manual\v0_0\files\Circulers\MF BL079 1988 08 08 S.pdf,,original_dataset,,Tea Board Circulers,
Circulers,MF BL080 1988 09 14 S.pdf,\data\task1_raw_input\data_source_physical_archives_manual\v0_0\files\Circulers\MF BL080 1988 09 14 S.pdf,,original_dataset,,Tea Board Circulers,
Circulers,MF BL081 1988 10 14 S.pdf,\data\task1_raw_input\data_source_physical_archives_manual\v0_0\files\Circulers\MF BL081 1988 10 14 S.pdf,,original_dataset,,Tea Board Circulers,
Circulers,MF BL082 1988 11 15 S.pdf,\data\task1_raw_input\data_source_physical_archives_manual\v0_0\files\Circulers\MF BL082 1988 11 15 S.pdf,,original_dataset,,Tea Board Circulers,
Circulers,MF BL083 1988 11 24 S.pdf,\data\task1_raw_input\data_source_physical_archives_manual\v0_0\files\Circulers\MF BL083 1988 11 24 S.pdf,,original_dataset,,Tea Board Circulers,
Circulers,MF BL084 1988 01 23 S.pdf,\data\task1_raw_input\data_source_physical_archives_manual\v0_0\files\Circulers\MF BL084 1988 01 23 S.pdf,,original_dataset,,Tea Board Circulers,
Circulers,MF BL085 1989 02 27 S.pdf,\data\task1_raw_input\data_source_physical_archives_manual\v0_0\files\Circulers\MF BL085 1989 02 27 S.pdf,,original_dataset,,Tea Board Circulers,
Circulers,MF BL086 1989 04 11 S.pdf,\data\task1_raw_input\data_source_physical_archives_manual\v0_0\files\Circulers\MF BL086 1989 04 11 S.pdf,,original_dataset,,Tea Board Circulers,
Circulers,MF BL087 1989 04 21 S.pdf,\data\task1_raw_input\data_source_physical_archives_manual\v0_0\files\Circulers\MF BL087 1989 04 21 S.pdf,,original_dataset,,Tea Board Circulers,
Circulers,MF BL088 1989 05 03 S.pdf,\data\task1_raw_input\data_source_physical_archives_manual\v0_0\files\Circulers\MF BL088 1989 05 03 S.pdf,,original_dataset,,Tea Board Circulers,
Circulers,MF BL089 1989 05 03 S.pdf,\data\task1_raw_input\data_source_physical_archives_manual\v0_0\files\Circulers\MF BL089 1989 05 03 S.pdf,,original_dataset,,Tea Board Circulers,
Circulers,MF BL091 1989 09 22 S.pdf,\data\task1_raw_input\data_source_physical_archives_manual\v0_0\files\Circulers\MF BL091 1989 09 22 S.pdf,,original_dataset,,Tea Board Circulers,
Circulers,MF BL092 1989 10 10 S.pdf,\data\task1_raw_input\data_source_physical_archives_manual\v0_0\files\Circulers\MF BL092 1989 10 10 S.pdf,,original_dataset,,Tea Board Circulers,
Circulers,MF BL093 1990 01 30 S.pdf,\data\task1_raw_input\data_source_physical_archives_manual\v0_0\files\Circulers\MF BL093 1990 01 30 S.pdf,,original_dataset,,Tea Board Circulers,
Circulers,MF BL094 1990 02 02 S.pdf,\data\task1_raw_input\data_source_physical_archives_manual\v0_0\files\Circulers\MF BL094 1990 02 02 S.pdf,,original_dataset,,Tea Board Circulers,
Circulers,MF BL095 1990 05 30 S.pdf,\data\task1_raw_input\data_source_physical_archives_manual\v0_0\files\Circulers\MF BL095 1990 05 30 S.pdf,,original_dataset,,Tea Board Circulers,
Circulers,MF BL096 1990 06 19 S.pdf,\data\task1_raw_input\data_source_physical_archives_manual\v0_0\files\Circulers\MF BL096 1990 06 19 S.pdf,,original_dataset,,Tea Board Circulers,
Circulers,MF BL097 1990 06 25 S.pdf,\data\task1_raw_input\data_source_physical_archives_manual\v0_0\files\Circulers\MF BL097 1990 06 25 S.pdf,,original_dataset,,Tea Board Circulers,
Circulers,MF BL098 1990 06 25 S.pdf,\data\task1_raw_input\data_source_physical_archives_manual\v0_0\files\Circulers\MF BL098 1990 06 25 S.pdf,,original_dataset,,Tea Board Circulers,
Circulers,MF BL0991990 07 03 S.pdf,\data\task1_raw_input\data_source_physical_archives_manual\v0_0\files\Circulers\MF BL0991990 07 03 S.pdf,,original_dataset,,Tea Board Circulers,
Circulers,MF BL100 1990 07 05 S.pdf,\data\task1_raw_input\data_source_physical_archives_manual\v0_0\files\Circulers\MF BL100 1990 07 05 S.pdf,,original_dataset,,Tea Board Circulers,
Circulers,MF BL101 1990 07 19 S.pdf,\data\task1_raw_input\data_source_physical_archives_manual\v0_0\files\Circulers\MF BL101 1990 07 19 S.pdf,,original_dataset,,Tea Board Circulers,
Circulers,MF BL102 1990 07 20 S.pdf,\data\task1_raw_input\data_source_physical_archives_manual\v0_0\files\Circulers\MF BL102 1990 07 20 S.pdf,,original_dataset,,Tea Board Circulers,
Circulers,MF BL103 1991 08 23 S.pdf,\data\task1_raw_input\data_source_physical_archives_manual\v0_0\files\Circulers\MF BL103 1991 08 23 S.pdf,,original_dataset,,Tea Board Circulers,
Circulers,MF BL104 1990 12 05 S.pdf,\data\task1_raw_input\data_source_physical_archives_manual\v0_0\files\Circulers\MF BL104 1990 12 05 S.pdf,,original_dataset,,Tea Board Circulers,
Circulers,MF BL105 1990 12 11 S.pdf,\data\task1_raw_input\data_source_physical_archives_manual\v0_0\files\Circulers\MF BL105 1990 12 11 S.pdf,,original_dataset,,Tea Board Circulers,
Circulers,MF BL106 1990 12 17 S.pdf,\data\task1_raw_input\data_source_physical_archives_manual\v0_0\files\Circulers\MF BL106 1990 12 17 S.pdf,,original_dataset,,Tea Board Circulers,
Circulers,MF BL107 1997 03 20 S.pdf,\data\task1_raw_input\data_source_physical_archives_manual\v0_0\files\Circulers\MF BL107 1997 03 20 S.pdf,,original_dataset,,Tea Board Circulers,
Circulers,MF BL108 1991 03 26 S.pdf,\data\task1_raw_input\data_source_physical_archives_manual\v0_0\files\Circulers\MF BL108 1991 03 26 S.pdf,,original_dataset,,Tea Board Circulers,
Circulers,MF BL109 1991 03 26 S.pdf,\data\task1_raw_input\data_source_physical_archives_manual\v0_0\files\Circulers\MF BL109 1991 03 26 S.pdf,,original_dataset,,Tea Board Circulers,
Circulers,MF BL110 1991 03 28 S.pdf,\data\task1_raw_input\data_source_physical_archives_manual\v0_0\files\Circulers\MF BL110 1991 03 28 S.pdf,,original_dataset,,Tea Board Circulers,
Circulers,MF BL111 1991 04 02 S.pdf,\data\task1_raw_input\data_source_physical_archives_manual\v0_0\files\Circulers\MF BL111 1991 04 02 S.pdf,,original_dataset,,Tea Board Circulers,
Circulers,MF BL112 1991 05 21 S.pdf,\data\task1_raw_input\data_source_physical_archives_manual\v0_0\files\Circulers\MF BL112 1991 05 21 S.pdf,,original_dataset,,Tea Board Circulers,
Circulers,MF BL113 1991 10 09 S.pdf,\data\task1_raw_input\data_source_physical_archives_manual\v0_0\files\Circulers\MF BL113 1991 10 09 S.pdf,,original_dataset,,Tea Board Circulers,
Circulers,MF BL114 1991 10 11 S.pdf,\data\task1_raw_input\data_source_physical_archives_manual\v0_0\files\Circulers\MF BL114 1991 10 11 S.pdf,,original_dataset,,Tea Board Circulers,
Circulers,MF BL115 1991 12 04 S.pdf,\data\task1_raw_input\data_source_physical_archives_manual\v0_0\files\Circulers\MF BL115 1991 12 04 S.pdf,,original_dataset,,Tea Board Circulers,
Circulers,MF BL117.pdf,\data\task1_raw_input\data_source_physical_archives_manual\v0_0\files\Circulers\MF BL117.pdf,,original_dataset,,Tea Board Circulers,
Circulers,MF BL118 1992 09 18 S.pdf,\data\task1_raw_input\data_source_physical_archives_manual\v0_0\files\Circulers\MF BL118 1992 09 18 S.pdf,,original_dataset,,Tea Board Circulers,
Circulers,MF BL120 1993 01 13 S.pdf,\data\task1_raw_input\data_source_physical_archives_manual\v0_0\files\Circulers\MF BL120 1993 01 13 S.pdf,,original_dataset,,Tea Board Circulers,
Circulers,MF BL122 1993 05 03 S.pdf,\data\task1_raw_input\data_source_physical_archives_manual\v0_0\files\Circulers\MF BL122 1993 05 03 S.pdf,,original_dataset,,Tea Board Circulers,
Circulers,MF BL124 1993 08 09 S.pdf,\data\task1_raw_input\data_source_physical_archives_manual\v0_0\files\Circulers\MF BL124 1993 08 09 S.pdf,,original_dataset,,Tea Board Circulers,
Circulers,MF BL125 1993 08 13 S.pdf,\data\task1_raw_input\data_source_physical_archives_manual\v0_0\files\Circulers\MF BL125 1993 08 13 S.pdf,,original_dataset,,Tea Board Circulers,
Circulers,MF BL126 1993 08 11 S.pdf,\data\task1_raw_input\data_source_physical_archives_manual\v0_0\files\Circulers\MF BL126 1993 08 11 S.pdf,,original_dataset,,Tea Board Circulers,
Circulers,MF BL127 1993 10 27 S.pdf,\data\task1_raw_input\data_source_physical_archives_manual\v0_0\files\Circulers\MF BL127 1993 10 27 S.pdf,,original_dataset,,Tea Board Circulers,
Circulers,MF BL128 1993 10 29.pdf,\data\task1_raw_input\data_source_physical_archives_manual\v0_0\files\Circulers\MF BL128 1993 10 29.pdf,,original_dataset,,Tea Board Circulers,
Circulers,MF BL129 1993 12 03 S.pdf,\data\task1_raw_input\data_source_physical_archives_manual\v0_0\files\Circulers\MF BL129 1993 12 03 S.pdf,,original_dataset,,Tea Board Circulers,
Circulers,MF BL130 1993 12 21 S.pdf,\data\task1_raw_input\data_source_physical_archives_manual\v0_0\files\Circulers\MF BL130 1993 12 21 S.pdf,,original_dataset,,Tea Board Circulers,
Circulers,MF BL131 1993 12 29 S.pdf,\data\task1_raw_input\data_source_physical_archives_manual\v0_0\files\Circulers\MF BL131 1993 12 29 S.pdf,,original_dataset,,Tea Board Circulers,
Circulers,MF BL132 1994 01 31 S.pdf,\data\task1_raw_input\data_source_physical_archives_manual\v0_0\files\Circulers\MF BL132 1994 01 31 S.pdf,,original_dataset,,Tea Board Circulers,
Circulers,MF BL133 1994 03 15 S.pdf,\data\task1_raw_input\data_source_physical_archives_manual\v0_0\files\Circulers\MF BL133 1994 03 15 S.pdf,,original_dataset,,Tea Board Circulers,
Circulers,MF BL134 1994 04 08 S.pdf,\data\task1_raw_input\data_source_physical_archives_manual\v0_0\files\Circulers\MF BL134 1994 04 08 S.pdf,,original_dataset,,Tea Board Circulers,
Circulers,MF BL135 1994 05 11 S.pdf,\data\task1_raw_input\data_source_physical_archives_manual\v0_0\files\Circulers\MF BL135 1994 05 11 S.pdf,,original_dataset,,Tea Board Circulers,
Circulers,MF BL136 1994 06 28 S.pdf,\data\task1_raw_input\data_source_physical_archives_manual\v0_0\files\Circulers\MF BL136 1994 06 28 S.pdf,,original_dataset,,Tea Board Circulers,
Circulers,MF BL137 1994 08 05 S.pdf,\data\task1_raw_input\data_source_physical_archives_manual\v0_0\files\Circulers\MF BL137 1994 08 05 S.pdf,,original_dataset,,Tea Board Circulers,
Circulers,MF BL138 1995 05 29 S.pdf,\data\task1_raw_input\data_source_physical_archives_manual\v0_0\files\Circulers\MF BL138 1995 05 29 S.pdf,,original_dataset,,Tea Board Circulers,
Circulers,MF BL140 1995 09 13 S.pdf,\data\task1_raw_input\data_source_physical_archives_manual\v0_0\files\Circulers\MF BL140 1995 09 13 S.pdf,,original_dataset,,Tea Board Circulers,
Circulers,MF BL141 1995 09 25 S.pdf,\data\task1_raw_input\data_source_physical_archives_manual\v0_0\files\Circulers\MF BL141 1995 09 25 S.pdf,,original_dataset,,Tea Board Circulers,
Circulers,MF BL142 1996 02 13 S.pdf,\data\task1_raw_input\data_source_physical_archives_manual\v0_0\files\Circulers\MF BL142 1996 02 13 S.pdf,,original_dataset,,Tea Board Circulers,
Circulers,MF BL143 1996 08 30 S.pdf,\data\task1_raw_input\data_source_physical_archives_manual\v0_0\files\Circulers\MF BL143 1996 08 30 S.pdf,,original_dataset,,Tea Board Circulers,
Circulers,MF BL144 1997 05 20 S.pdf,\data\task1_raw_input\data_source_physical_archives_manual\v0_0\files\Circulers\MF BL144 1997 05 20 S.pdf,,original_dataset,,Tea Board Circulers,
Circulers,MF BL145 1997 07 10 S.pdf,\data\task1_raw_input\data_source_physical_archives_manual\v0_0\files\Circulers\MF BL145 1997 07 10 S.pdf,,original_dataset,,Tea Board Circulers,
Circulers,MF BL146 1999 03 23 S.pdf,\data\task1_raw_input\data_source_physical_archives_manual\v0_0\files\Circulers\MF BL146 1999 03 23 S.pdf,,original_dataset,,Tea Board Circulers,
Circulers,MF BL147 1999 04 29 S.pdf,\data\task1_raw_input\data_source_physical_archives_manual\v0_0\files\Circulers\MF BL147 1999 04 29 S.pdf,,original_dataset,,Tea Board Circulers,
Circulers,MF BL148 2000 04 20 S.pdf,\data\task1_raw_input\data_source_physical_archives_manual\v0_0\files\Circulers\MF BL148 2000 04 20 S.pdf,,original_dataset,,Tea Board Circulers,
Circulers,MF BL149 2000 06 20 S.pdf,\data\task1_raw_input\data_source_physical_archives_manual\v0_0\files\Circulers\MF BL149 2000 06 20 S.pdf,,original_dataset,,Tea Board Circulers,
Circulers,MF BL150 2001 02 28 S.pdf,\data\task1_raw_input\data_source_physical_archives_manual\v0_0\files\Circulers\MF BL150 2001 02 28 S.pdf,,original_dataset,,Tea Board Circulers,
Circulers,MF BL151 2001 06 29 S.pdf,\data\task1_raw_input\data_source_physical_archives_manual\v0_0\files\Circulers\MF BL151 2001 06 29 S.pdf,,original_dataset,,Tea Board Circulers,
Circulers,MF BL152 2001 10 01 S.pdf,\data\task1_raw_input\data_source_physical_archives_manual\v0_0\files\Circulers\MF BL152 2001 10 01 S.pdf,,original_dataset,,Tea Board Circulers,
Circulers,MF BL153 2002 11 18 S.pdf,\data\task1_raw_input\data_source_physical_archives_manual\v0_0\files\Circulers\MF BL153 2002 11 18 S.pdf,,original_dataset,,Tea Board Circulers,
Circulers,MF BL154 2001 10 01 S.pdf,\data\task1_raw_input\data_source_physical_archives_manual\v0_0\files\Circulers\MF BL154 2001 10 01 S.pdf,,original_dataset,,Tea Board Circulers,
Circulers,MF BL155 2006 06 12 S.pdf,\data\task1_raw_input\data_source_physical_archives_manual\v0_0\files\Circulers\MF BL155 2006 06 12 S.pdf,,original_dataset,,Tea Board Circulers,
Circulers,MF BL54 1982 01 20.pdf,\data\task1_raw_input\data_source_physical_archives_manual\v0_0\files\Circulers\MF BL54 1982 01 20.pdf,,original_dataset,,Tea Board Circulers,
Circulers,MPI-5-1-1-2-VII 2004 03 12.pdf,\data\task1_raw_input\data_source_physical_archives_manual\v0_0\files\Circulers\MPI-5-1-1-2-VII 2004 03 12.pdf,,original_dataset,,Tea Board Circulers,
Circulers,MPI-5-1-1-2-VII.pdf,\data\task1_raw_input\data_source_physical_archives_manual\v0_0\files\Circulers\MPI-5-1-1-2-VII.pdf,,original_dataset,,Tea Board Circulers,
Circulers,OR - 1-65 2000 01 19.pdf,\data\task1_raw_input\data_source_physical_archives_manual\v0_0\files\Circulers\OR - 1-65 2000 01 19.pdf,,original_dataset,,Tea Board Circulers,
Circulers,OR - 1-65.pdf,\data\task1_raw_input\data_source_physical_archives_manual\v0_0\files\Circulers\OR - 1-65.pdf,,original_dataset,,Tea Board Circulers,
Circulers,OR 1 107 II.pdf,\data\task1_raw_input\data_source_physical_archives_manual\v0_0\files\Circulers\OR 1 107 II.pdf,,original_dataset,,Tea Board Circulers,
Circulers,OR 1 107.pdf,\data\task1_raw_input\data_source_physical_archives_manual\v0_0\files\Circulers\OR 1 107.pdf,,original_dataset,,Tea Board Circulers,
Circulers,OR 1 121 1992 07 20.jpg,\data\task1_raw_input\data_source_physical_archives_manual\v0_0\files\Circulers\OR 1 121 1992 07 20.jpg,,original_dataset,,Tea Board Circulers,
Circulers,OR 1 25.pdf,\data\task1_raw_input\data_source_physical_archives_manual\v0_0\files\Circulers\OR 1 25.pdf,,original_dataset,,Tea Board Circulers,
Circulers,OR 1 51 CIR I.jpg,\data\task1_raw_input\data_source_physical_archives_manual\v0_0\files\Circulers\OR 1 51 CIR I.jpg,,original_dataset,,Tea Board Circulers,
Circulers,OR 1 51 CIR II.jpg,\data\task1_raw_input\data_source_physical_archives_manual\v0_0\files\Circulers\OR 1 51 CIR II.jpg,,original_dataset,,Tea Board Circulers,
Circulers,OR 1 51 I.jpg,\data\task1_raw_input\data_source_physical_archives_manual\v0_0\files\Circulers\OR 1 51 I.jpg,,original_dataset,,Tea Board Circulers,
Circulers,OR 1 51 II.jpg,\data\task1_raw_input\data_source_physical_archives_manual\v0_0\files\Circulers\OR 1 51 II.jpg,,original_dataset,,Tea Board Circulers,
Circulers,OR 1 51 III.jpg,\data\task1_raw_input\data_source_physical_archives_manual\v0_0\files\Circulers\OR 1 51 III.jpg,,original_dataset,,Tea Board Circulers,
Circulers,OR 1 51 PA F.jpg,\data\task1_raw_input\data_source_physical_archives_manual\v0_0\files\Circulers\OR 1 51 PA F.jpg,,original_dataset,,Tea Board Circulers,
Circulers,OR 1 55 I.jpg,\data\task1_raw_input\data_source_physical_archives_manual\v0_0\files\Circulers\OR 1 55 I.jpg,,original_dataset,,Tea Board Circulers,
Circulers,OR 1 55 II.jpg,\data\task1_raw_input\data_source_physical_archives_manual\v0_0\files\Circulers\OR 1 55 II.jpg,,original_dataset,,Tea Board Circulers,
Circulers,OR 1-106 1989 05 23.jpg,\data\task1_raw_input\data_source_physical_archives_manual\v0_0\files\Circulers\OR 1-106 1989 05 23.jpg,,original_dataset,,Tea Board Circulers,
Circulers,OR 1-151 2009 08 12.jpg,\data\task1_raw_input\data_source_physical_archives_manual\v0_0\files\Circulers\OR 1-151 2009 08 12.jpg,,original_dataset,,Tea Board Circulers,
Circulers,OR 2 155 1996 02 5.jpg,\data\task1_raw_input\data_source_physical_archives_manual\v0_0\files\Circulers\OR 2 155 1996 02 5.jpg,,original_dataset,,Tea Board Circulers,
Circulers,OR-1-121 1992 12 07.jpg,\data\task1_raw_input\data_source_physical_archives_manual\v0_0\files\Circulers\OR-1-121 1992 12 07.jpg,,original_dataset,,Tea Board Circulers,
Circulers,OR-1-121 1996 02 09.pdf,\data\task1_raw_input\data_source_physical_archives_manual\v0_0\files\Circulers\OR-1-121 1996 02 09.pdf,,original_dataset,,Tea Board Circulers,
Circulers,OR-1-121 1998 10 06.jpg,\data\task1_raw_input\data_source_physical_archives_manual\v0_0\files\Circulers\OR-1-121 1998 10 06.jpg,,original_dataset,,Tea Board Circulers,
Circulers,OR-1-121 PRIVATE SALE 1999 01 19.pdf,\data\task1_raw_input\data_source_physical_archives_manual\v0_0\files\Circulers\OR-1-121 PRIVATE SALE 1999 01 19.pdf,,original_dataset,,Tea Board Circulers,
Circulers,OR-1-121 PRIVATE SALE.pdf,\data\task1_raw_input\data_source_physical_archives_manual\v0_0\files\Circulers\OR-1-121 PRIVATE SALE.pdf,,original_dataset,,Tea Board Circulers,
Circulers,OR-1-121 SINHALA 1996 02 09.pdf,\data\task1_raw_input\data_source_physical_archives_manual\v0_0\files\Circulers\OR-1-121 SINHALA 1996 02 09.pdf,,original_dataset,,Tea Board Circulers,
Circulers,OR-1-121 SINHALA.pdf,\data\task1_raw_input\data_source_physical_archives_manual\v0_0\files\Circulers\OR-1-121 SINHALA.pdf,,original_dataset,,Tea Board Circulers,
Circulers,OR-1-121.pdf,\data\task1_raw_input\data_source_physical_archives_manual\v0_0\files\Circulers\OR-1-121.pdf,,original_dataset,,Tea Board Circulers,
Circulers,OR-1-25 2006 03 06.pdf,\data\task1_raw_input\data_source_physical_archives_manual\v0_0\files\Circulers\OR-1-25 2006 03 06.pdf,,original_dataset,,Tea Board Circulers,
Circulers,OR-1-51 _2009 08 12.pdf,\data\task1_raw_input\data_source_physical_archives_manual\v0_0\files\Circulers\OR-1-51 _2009 08 12.pdf,,original_dataset,,Tea Board Circulers,
Circulers,OR-1-51.pdf,\data\task1_raw_input\data_source_physical_archives_manual\v0_0\files\Circulers\OR-1-51.pdf,,original_dataset,,Tea Board Circulers,
Circulers,OR-1-87-1 (2).pdf,\data\task1_raw_input\data_source_physical_archives_manual\v0_0\files\Circulers\OR-1-87-1 (2).pdf,,original_dataset,,Tea Board Circulers,
Circulers,OR-1-87-1 (3).pdf,\data\task1_raw_input\data_source_physical_archives_manual\v0_0\files\Circulers\OR-1-87-1 (3).pdf,,original_dataset,,Tea Board Circulers,
Circulers,OR-1-87-1 2010 08 06 (1).pdf,\data\task1_raw_input\data_source_physical_archives_manual\v0_0\files\Circulers\OR-1-87-1 2010 08 06 (1).pdf,,original_dataset,,Tea Board Circulers,
Circulers,OR-1-87-1 2010 08 06 (2).pdf,\data\task1_raw_input\data_source_physical_archives_manual\v0_0\files\Circulers\OR-1-87-1 2010 08 06 (2).pdf,,original_dataset,,Tea Board Circulers,
Circulers,OR-1-87-1 2010 08 06 (3).pdf,\data\task1_raw_input\data_source_physical_archives_manual\v0_0\files\Circulers\OR-1-87-1 2010 08 06 (3).pdf,,original_dataset,,Tea Board Circulers,
Circulers,OR-1-87-1 2010 08 06 (4).pdf,\data\task1_raw_input\data_source_physical_archives_manual\v0_0\files\Circulers\OR-1-87-1 2010 08 06 (4).pdf,,original_dataset,,Tea Board Circulers,
Circulers,OR-1-87-1 2010 08 06 (5).pdf,\data\task1_raw_input\data_source_physical_archives_manual\v0_0\files\Circulers\OR-1-87-1 2010 08 06 (5).pdf,,original_dataset,,Tea Board Circulers,
Circulers,OR-1-87-1 2010 08 06 (6).pdf,\data\task1_raw_input\data_source_physical_archives_manual\v0_0\files\Circulers\OR-1-87-1 2010 08 06 (6).pdf,,original_dataset,,Tea Board Circulers,
Circulers,OR-1-87-1 2010 08 06.pdf,\data\task1_raw_input\data_source_physical_archives_manual\v0_0\files\Circulers\OR-1-87-1 2010 08 06.pdf,,original_dataset,,Tea Board Circulers,
Circulers,OR-1-87-1 2011 09 01.pdf,\data\task1_raw_input\data_source_physical_archives_manual\v0_0\files\Circulers\OR-1-87-1 2011 09 01.pdf,,original_dataset,,Tea Board Circulers,
Circulers,OR-1-87-1.pdf,\data\task1_raw_input\data_source_physical_archives_manual\v0_0\files\Circulers\OR-1-87-1.pdf,,original_dataset,,Tea Board Circulers,
Circulers,OR-1-87-2 (2).pdf,\data\task1_raw_input\data_source_physical_archives_manual\v0_0\files\Circulers\OR-1-87-2 (2).pdf,,original_dataset,,Tea Board Circulers,
Circulers,OR-1-87-2 (3).pdf,\data\task1_raw_input\data_source_physical_archives_manual\v0_0\files\Circulers\OR-1-87-2 (3).pdf,,original_dataset,,Tea Board Circulers,
Circulers,OR-1-87-2 2010 08 06.pdf,\data\task1_raw_input\data_source_physical_archives_manual\v0_0\files\Circulers\OR-1-87-2 2010 08 06.pdf,,original_dataset,,Tea Board Circulers,
Circulers,OR-1-87-2 2011 09 01.pdf,\data\task1_raw_input\data_source_physical_archives_manual\v0_0\files\Circulers\OR-1-87-2 2011 09 01.pdf,,original_dataset,,Tea Board Circulers,
Circulers,OR-1-87-2.pdf,\data\task1_raw_input\data_source_physical_archives_manual\v0_0\files\Circulers\OR-1-87-2.pdf,,original_dataset,,Tea Board Circulers,
Circulers,OR-1-87-3 (2).pdf,\data\task1_raw_input\data_source_physical_archives_manual\v0_0\files\Circulers\OR-1-87-3 (2).pdf,,original_dataset,,Tea Board Circulers,
Circulers,OR-1-87-3 (3).pdf,\data\task1_raw_input\data_source_physical_archives_manual\v0_0\files\Circulers\OR-1-87-3 (3).pdf,,original_dataset,,Tea Board Circulers,
Circulers,OR-1-87-3 2011 09 01.pdf,\data\task1_raw_input\data_source_physical_archives_manual\v0_0\files\Circulers\OR-1-87-3 2011 09 01.pdf,,original_dataset,,Tea Board Circulers,
Circulers,OR-1-87-3.pdf,\data\task1_raw_input\data_source_physical_archives_manual\v0_0\files\Circulers\OR-1-87-3.pdf,,original_dataset,,Tea Board Circulers,
Circulers,OR-1-87-4 (2).pdf,\data\task1_raw_input\data_source_physical_archives_manual\v0_0\files\Circulers\OR-1-87-4 (2).pdf,,original_dataset,,Tea Board Circulers,
Circulers,OR-1-87-4 (3).pdf,\data\task1_raw_input\data_source_physical_archives_manual\v0_0\files\Circulers\OR-1-87-4 (3).pdf,,original_dataset,,Tea Board Circulers,
Circulers,OR-1-87-4 1998 02 24.pdf,\data\task1_raw_input\data_source_physical_archives_manual\v0_0\files\Circulers\OR-1-87-4 1998 02 24.pdf,,original_dataset,,Tea Board Circulers,
Circulers,OR-1-87-4.pdf,\data\task1_raw_input\data_source_physical_archives_manual\v0_0\files\Circulers\OR-1-87-4.pdf,,original_dataset,,Tea Board Circulers,
Circulers,OR-1-87-5 (2).pdf,\data\task1_raw_input\data_source_physical_archives_manual\v0_0\files\Circulers\OR-1-87-5 (2).pdf,,original_dataset,,Tea Board Circulers,
Circulers,OR-1-87-5.pdf,\data\task1_raw_input\data_source_physical_archives_manual\v0_0\files\Circulers\OR-1-87-5.pdf,,original_dataset,,Tea Board Circulers,
Circulers,OR-1-87-6 (2).pdf,\data\task1_raw_input\data_source_physical_archives_manual\v0_0\files\Circulers\OR-1-87-6 (2).pdf,,original_dataset,,Tea Board Circulers,
Circulers,OR-1-87-6.pdf,\data\task1_raw_input\data_source_physical_archives_manual\v0_0\files\Circulers\OR-1-87-6.pdf,,original_dataset,,Tea Board Circulers,
Circulers,OR-2-255.jpg,\data\task1_raw_input\data_source_physical_archives_manual\v0_0\files\Circulers\OR-2-255.jpg,,original_dataset,,Tea Board Circulers,
Circulers,OR-2-92 1993 09 6.pdf,\data\task1_raw_input\data_source_physical_archives_manual\v0_0\files\Circulers\OR-2-92 1993 09 6.pdf,,original_dataset,,Tea Board Circulers,
Circulers,OR-2-92.pdf,\data\task1_raw_input\data_source_physical_archives_manual\v0_0\files\Circulers\OR-2-92.pdf,,original_dataset,,Tea Board Circulers,
Circulers,OR-2001-1 2004 10 21.jpg,\data\task1_raw_input\data_source_physical_archives_manual\v0_0\files\Circulers\OR-2001-1 2004 10 21.jpg,,original_dataset,,Tea Board Circulers,
Circulers,OR1-51-1 2010 07 05.pdf,\data\task1_raw_input\data_source_physical_archives_manual\v0_0\files\Circulers\OR1-51-1 2010 07 05.pdf,,original_dataset,,Tea Board Circulers,
Circulers,OR1-51-1.pdf,\data\task1_raw_input\data_source_physical_archives_manual\v0_0\files\Circulers\OR1-51-1.pdf,,original_dataset,,Tea Board Circulers,
Circulers,OR1-51-2 2010 07 05.pdf,\data\task1_raw_input\data_source_physical_archives_manual\v0_0\files\Circulers\OR1-51-2 2010 07 05.pdf,,original_dataset,,Tea Board Circulers,
Circulers,OR1-51-2.pdf,\data\task1_raw_input\data_source_physical_archives_manual\v0_0\files\Circulers\OR1-51-2.pdf,,original_dataset,,Tea Board Circulers,
Circulers,OR3-4-1 1987 06 8.pdf,\data\task1_raw_input\data_source_physical_archives_manual\v0_0\files\Circulers\OR3-4-1 1987 06 8.pdf,,original_dataset,,Tea Board Circulers,
Circulers,OR3-4-1.pdf,\data\task1_raw_input\data_source_physical_archives_manual\v0_0\files\Circulers\OR3-4-1.pdf,,original_dataset,,Tea Board Circulers,
Circulers,OR3-4-2 1987 06 08.pdf,\data\task1_raw_input\data_source_physical_archives_manual\v0_0\files\Circulers\OR3-4-2 1987 06 08.pdf,,original_dataset,,Tea Board Circulers,
Circulers,OR3-4-2.pdf,\data\task1_raw_input\data_source_physical_archives_manual\v0_0\files\Circulers\OR3-4-2.pdf,,original_dataset,,Tea Board Circulers,
Circulers,RTM 01 2005 11 01  I.jpg,\data\task1_raw_input\data_source_physical_archives_manual\v0_0\files\Circulers\RTM 01 2005 11 01  I.jpg,,original_dataset,,Tea Board Circulers,
Circulers,RTm 01 2005 11 01  II.jpg,\data\task1_raw_input\data_source_physical_archives_manual\v0_0\files\Circulers\RTm 01 2005 11 01  II.jpg,,original_dataset,,Tea Board Circulers,
Circulers,scan0001.jpg,\data\task1_raw_input\data_source_physical_archives_manual\v0_0\files\Circulers\scan0001.jpg,,original_dataset,,Tea Board Circulers,
Circulers,scan0001.pdf,\data\task1_raw_input\data_source_physical_archives_manual\v0_0\files\Circulers\scan0001.pdf,,original_dataset,,Tea Board Circulers,
Circulers,scan0002.jpg,\data\task1_raw_input\data_source_physical_archives_manual\v0_0\files\Circulers\scan0002.jpg,,original_dataset,,Tea Board Circulers,
Circulers,SENKADA BHUMI 012.pdf,\data\task1_raw_input\data_source_physical_archives_manual\v0_0\files\Circulers\SENKADA BHUMI 012.pdf,,original_dataset,,Tea Board Circulers,
Circulers,SLTB-TTU 2011 11 03.pdf,\data\task1_raw_input\data_source_physical_archives_manual\v0_0\files\Circulers\SLTB-TTU 2011 11 03.pdf,,original_dataset,,Tea Board Circulers,
Circulers,SLTB-TTU.pdf,\data\task1_raw_input\data_source_physical_archives_manual\v0_0\files\Circulers\SLTB-TTU.pdf,,original_dataset,,Tea Board Circulers,
Circulers,tc - e - vi - 68 -vol 2 2003 03 07.pdf,\data\task1_raw_input\data_source_physical_archives_manual\v0_0\files\Circulers\tc - e - vi - 68 -vol 2 2003 03 07.pdf,,original_dataset,,Tea Board Circulers,
Circulers,tc - e - vi - 68 -vol 2.pdf,\data\task1_raw_input\data_source_physical_archives_manual\v0_0\files\Circulers\tc - e - vi - 68 -vol 2.pdf,,original_dataset,,Tea Board Circulers,
Circulers,TC CIR 2015 -4 1.pdf,\data\task1_raw_input\data_source_physical_archives_manual\v0_0\files\Circulers\TC CIR 2015 -4 1.pdf,,original_dataset,,Tea Board Circulers,
Circulers,TC FU 2008 2.jpg,\data\task1_raw_input\data_source_physical_archives_manual\v0_0\files\Circulers\TC FU 2008 2.jpg,,original_dataset,,Tea Board Circulers,
Circulers,TC R 2.jpg,\data\task1_raw_input\data_source_physical_archives_manual\v0_0\files\Circulers\TC R 2.jpg,,original_dataset,,Tea Board Circulers,
Circulers,TC R 2008 1 I.jpg,\data\task1_raw_input\data_source_physical_archives_manual\v0_0\files\Circulers\TC R 2008 1 I.jpg,,original_dataset,,Tea Board Circulers,
Circulers,TC R 2008 1 II.jpg,\data\task1_raw_input\data_source_physical_archives_manual\v0_0\files\Circulers\TC R 2008 1 II.jpg,,original_dataset,,Tea Board Circulers,
Circulers,TC R 2008 2 Eng.jpg,\data\task1_raw_input\data_source_physical_archives_manual\v0_0\files\Circulers\TC R 2008 2 Eng.jpg,,original_dataset,,Tea Board Circulers,
Circulers,TC R 2008 2 Sin.jpg,\data\task1_raw_input\data_source_physical_archives_manual\v0_0\files\Circulers\TC R 2008 2 Sin.jpg,,original_dataset,,Tea Board Circulers,
Circulers,TC R 2010 1.jpg,\data\task1_raw_input\data_source_physical_archives_manual\v0_0\files\Circulers\TC R 2010 1.jpg,,original_dataset,,Tea Board Circulers,
Circulers,TC RT CIR 2015 11 II.pdf,\data\task1_raw_input\data_source_physical_archives_manual\v0_0\files\Circulers\TC RT CIR 2015 11 II.pdf,,original_dataset,,Tea Board Circulers,
Circulers,TC RT CIR 2015 11.pdf,\data\task1_raw_input\data_source_physical_archives_manual\v0_0\files\Circulers\TC RT CIR 2015 11.pdf,,original_dataset,,Tea Board Circulers,
Circulers,TC RT P.jpg,\data\task1_raw_input\data_source_physical_archives_manual\v0_0\files\Circulers\TC RT P.jpg,,original_dataset,,Tea Board Circulers,
Circulers,TC-CIR 2015 01 05 (2).jpg,\data\task1_raw_input\data_source_physical_archives_manual\v0_0\files\Circulers\TC-CIR 2015 01 05 (2).jpg,,original_dataset,,Tea Board Circulers,
Circulers,TC-CIR 2015 01 05.jpg,\data\task1_raw_input\data_source_physical_archives_manual\v0_0\files\Circulers\TC-CIR 2015 01 05.jpg,,original_dataset,,Tea Board Circulers,
Circulers,TC-CIR-2012-5 2012 05 15.jpg,\data\task1_raw_input\data_source_physical_archives_manual\v0_0\files\Circulers\TC-CIR-2012-5 2012 05 15.jpg,,original_dataset,,Tea Board Circulers,
Circulers,TC-CIR-RT-2012 2012 06 06.jpg,\data\task1_raw_input\data_source_physical_archives_manual\v0_0\files\Circulers\TC-CIR-RT-2012 2012 06 06.jpg,,original_dataset,,Tea Board Circulers,
Circulers,TC-E-PR-.pdf,\data\task1_raw_input\data_source_physical_archives_manual\v0_0\files\Circulers\TC-E-PR-.pdf,,original_dataset,,Tea Board Circulers,
Circulers,TC-E-PR-1 2010 11 01.pdf,\data\task1_raw_input\data_source_physical_archives_manual\v0_0\files\Circulers\TC-E-PR-1 2010 11 01.pdf,,original_dataset,,Tea Board Circulers,
Circulers,TC-E-PR-1-1 2010 11 01.pdf,\data\task1_raw_input\data_source_physical_archives_manual\v0_0\files\Circulers\TC-E-PR-1-1 2010 11 01.pdf,,original_dataset,,Tea Board Circulers,
Circulers,TC-E-PR-1-1.pdf,\data\task1_raw_input\data_source_physical_archives_manual\v0_0\files\Circulers\TC-E-PR-1-1.pdf,,original_dataset,,Tea Board Circulers,
Circulers,TC-E-PR-1-2 2010 11 01.pdf,\data\task1_raw_input\data_source_physical_archives_manual\v0_0\files\Circulers\TC-E-PR-1-2 2010 11 01.pdf,,original_dataset,,Tea Board Circulers,
Circulers,TC-E-PR-1-2.pdf,\data\task1_raw_input\data_source_physical_archives_manual\v0_0\files\Circulers\TC-E-PR-1-2.pdf,,original_dataset,,Tea Board Circulers,
Circulers,TC-E-PR-1.pdf,\data\task1_raw_input\data_source_physical_archives_manual\v0_0\files\Circulers\TC-E-PR-1.pdf,,original_dataset,,Tea Board Circulers,
Circulers,TC-E-PR-2.pdf,\data\task1_raw_input\data_source_physical_archives_manual\v0_0\files\Circulers\TC-E-PR-2.pdf,,original_dataset,,Tea Board Circulers,
Circulers,TC-E-PR-3.pdf,\data\task1_raw_input\data_source_physical_archives_manual\v0_0\files\Circulers\TC-E-PR-3.pdf,,original_dataset,,Tea Board Circulers,
Circulers,TC-E-PR-4.pdf,\data\task1_raw_input\data_source_physical_archives_manual\v0_0\files\Circulers\TC-E-PR-4.pdf,,original_dataset,,Tea Board Circulers,
Circulers,TC-E-PR-5.pdf,\data\task1_raw_input\data_source_physical_archives_manual\v0_0\files\Circulers\TC-E-PR-5.pdf,,original_dataset,,Tea Board Circulers,
Circulers,TC-E-PR-6.pdf,\data\task1_raw_input\data_source_physical_archives_manual\v0_0\files\Circulers\TC-E-PR-6.pdf,,original_dataset,,Tea Board Circulers,
Circulers,TC-E-PR-7.pdf,\data\task1_raw_input\data_source_physical_archives_manual\v0_0\files\Circulers\TC-E-PR-7.pdf,,original_dataset,,Tea Board Circulers,
Circulers,tc-e-vi-81-p 2003 06 20.pdf,\data\task1_raw_input\data_source_physical_archives_manual\v0_0\files\Circulers\tc-e-vi-81-p 2003 06 20.pdf,,original_dataset,,Tea Board Circulers,
Circulers,tc-e-vi-81-p-2 2003 06 20.pdf,\data\task1_raw_input\data_source_physical_archives_manual\v0_0\files\Circulers\tc-e-vi-81-p-2 2003 06 20.pdf,,original_dataset,,Tea Board Circulers,
Circulers,tc-e-vi-81-p-2.pdf,\data\task1_raw_input\data_source_physical_archives_manual\v0_0\files\Circulers\tc-e-vi-81-p-2.pdf,,original_dataset,,Tea Board Circulers,
Circulers,tc-e-vi-81-p-3 2003 06 20.pdf,\data\task1_raw_input\data_source_physical_archives_manual\v0_0\files\Circulers\tc-e-vi-81-p-3 2003 06 20.pdf,,original_dataset,,Tea Board Circulers,
Circulers,tc-e-vi-81-p-3.pdf,\data\task1_raw_input\data_source_physical_archives_manual\v0_0\files\Circulers\tc-e-vi-81-p-3.pdf,,original_dataset,,Tea Board Circulers,
Circulers,tc-e-vi-81-p-4 2003 06 20.pdf,\data\task1_raw_input\data_source_physical_archives_manual\v0_0\files\Circulers\tc-e-vi-81-p-4 2003 06 20.pdf,,original_dataset,,Tea Board Circulers,
Circulers,tc-e-vi-81-p-4.pdf,\data\task1_raw_input\data_source_physical_archives_manual\v0_0\files\Circulers\tc-e-vi-81-p-4.pdf,,original_dataset,,Tea Board Circulers,
Circulers,tc-e-vi-81-p-5 2003 06 20.pdf,\data\task1_raw_input\data_source_physical_archives_manual\v0_0\files\Circulers\tc-e-vi-81-p-5 2003 06 20.pdf,,original_dataset,,Tea Board Circulers,
Circulers,tc-e-vi-81-p-5.pdf,\data\task1_raw_input\data_source_physical_archives_manual\v0_0\files\Circulers\tc-e-vi-81-p-5.pdf,,original_dataset,,Tea Board Circulers,
Circulers,tc-e-vi-81-p-6 2003 06 20.pdf,\data\task1_raw_input\data_source_physical_archives_manual\v0_0\files\Circulers\tc-e-vi-81-p-6 2003 06 20.pdf,,original_dataset,,Tea Board Circulers,
Circulers,tc-e-vi-81-p-6.pdf,\data\task1_raw_input\data_source_physical_archives_manual\v0_0\files\Circulers\tc-e-vi-81-p-6.pdf,,original_dataset,,Tea Board Circulers,
Circulers,tc-e-vi-81-p.pdf,\data\task1_raw_input\data_source_physical_archives_manual\v0_0\files\Circulers\tc-e-vi-81-p.pdf,,original_dataset,,Tea Board Circulers,
Circulers,TC-EX-WH-P.pdf,\data\task1_raw_input\data_source_physical_archives_manual\v0_0\files\Circulers\TC-EX-WH-P.pdf,,original_dataset,,Tea Board Circulers,
Circulers,TC-R-2004-1 2004 10 21.jpg,\data\task1_raw_input\data_source_physical_archives_manual\v0_0\files\Circulers\TC-R-2004-1 2004 10 21.jpg,,original_dataset,,Tea Board Circulers,
Circulers,TC-WH TR -2.pdf,\data\task1_raw_input\data_source_physical_archives_manual\v0_0\files\Circulers\TC-WH TR -2.pdf,,original_dataset,,Tea Board Circulers,
Circulers,TC-WH TR 1.pdf,\data\task1_raw_input\data_source_physical_archives_manual\v0_0\files\Circulers\TC-WH TR 1.pdf,,original_dataset,,Tea Board Circulers,
Circulers,TC-WH TR-3.pdf,\data\task1_raw_input\data_source_physical_archives_manual\v0_0\files\Circulers\TC-WH TR-3.pdf,,original_dataset,,Tea Board Circulers,
Circulers,TCE-VI-8-1 2001 12 20.pdf,\data\task1_raw_input\data_source_physical_archives_manual\v0_0\files\Circulers\TCE-VI-8-1 2001 12 20.pdf,,original_dataset,,Tea Board Circulers,
Circulers,TCE-VI-8-1.pdf,\data\task1_raw_input\data_source_physical_archives_manual\v0_0\files\Circulers\TCE-VI-8-1.pdf,,original_dataset,,Tea Board Circulers,
Circulers,TCE-VI-8-2 2001 12 20.pdf,\data\task1_raw_input\data_source_physical_archives_manual\v0_0\files\Circulers\TCE-VI-8-2 2001 12 20.pdf,,original_dataset,,Tea Board Circulers,
Circulers,TCE-VI-8-2.pdf,\data\task1_raw_input\data_source_physical_archives_manual\v0_0\files\Circulers\TCE-VI-8-2.pdf,,original_dataset,,Tea Board Circulers,
Circulers,TCE-VI-8-3 2001 12 20.pdf,\data\task1_raw_input\data_source_physical_archives_manual\v0_0\files\Circulers\TCE-VI-8-3 2001 12 20.pdf,,original_dataset,,Tea Board Circulers,
Circulers,TCE-VI-8-3.pdf,\data\task1_raw_input\data_source_physical_archives_manual\v0_0\files\Circulers\TCE-VI-8-3.pdf,,original_dataset,,Tea Board Circulers,
Circulers,TCE-VI-8-4 2001 12 20.pdf,\data\task1_raw_input\data_source_physical_archives_manual\v0_0\files\Circulers\TCE-VI-8-4 2001 12 20.pdf,,original_dataset,,Tea Board Circulers,
Circulers,TCE-VI-8-4.pdf,\data\task1_raw_input\data_source_physical_archives_manual\v0_0\files\Circulers\TCE-VI-8-4.pdf,,original_dataset,,Tea Board Circulers,
Circulers,TCER- ICE TEA 2009 01 23.pdf,\data\task1_raw_input\data_source_physical_archives_manual\v0_0\files\Circulers\TCER- ICE TEA 2009 01 23.pdf,,original_dataset,,Tea Board Circulers,
Circulers,TCER- ICE TEA.pdf,\data\task1_raw_input\data_source_physical_archives_manual\v0_0\files\Circulers\TCER- ICE TEA.pdf,,original_dataset,,Tea Board Circulers,
Circulers,TCERP2010-1 2010 08 15.pdf,\data\task1_raw_input\data_source_physical_archives_manual\v0_0\files\Circulers\TCERP2010-1 2010 08 15.pdf,,original_dataset,,Tea Board Circulers,
Circulers,TCERP2010-1.pdf,\data\task1_raw_input\data_source_physical_archives_manual\v0_0\files\Circulers\TCERP2010-1.pdf,,original_dataset,,Tea Board Circulers,
Circulers,TCERP2010-2 2010 08 15.pdf,\data\task1_raw_input\data_source_physical_archives_manual\v0_0\files\Circulers\TCERP2010-2 2010 08 15.pdf,,original_dataset,,Tea Board Circulers,
Circulers,TCERP2010-2.pdf,\data\task1_raw_input\data_source_physical_archives_manual\v0_0\files\Circulers\TCERP2010-2.pdf,,original_dataset,,Tea Board Circulers,
Circulers,TCERP2010-3 2010 08 15.pdf,\data\task1_raw_input\data_source_physical_archives_manual\v0_0\files\Circulers\TCERP2010-3 2010 08 15.pdf,,original_dataset,,Tea Board Circulers,
Circulers,TCERP2010-3.pdf,\data\task1_raw_input\data_source_physical_archives_manual\v0_0\files\Circulers\TCERP2010-3.pdf,,original_dataset,,Tea Board Circulers,
Circulers,TCERP2010-4 2010 08 15.pdf,\data\task1_raw_input\data_source_physical_archives_manual\v0_0\files\Circulers\TCERP2010-4 2010 08 15.pdf,,original_dataset,,Tea Board Circulers,
Circulers,TCERP2010-4.pdf,\data\task1_raw_input\data_source_physical_archives_manual\v0_0\files\Circulers\TCERP2010-4.pdf,,original_dataset,,Tea Board Circulers,
Circulers,TCERP2010-5 2010 08 15.pdf,\data\task1_raw_input\data_source_physical_archives_manual\v0_0\files\Circulers\TCERP2010-5 2010 08 15.pdf,,original_dataset,,Tea Board Circulers,
Circulers,TCERP2010-5.pdf,\data\task1_raw_input\data_source_physical_archives_manual\v0_0\files\Circulers\TCERP2010-5.pdf,,original_dataset,,Tea Board Circulers,
Circulers,TCEX-VI-8 2001 09 11.pdf,\data\task1_raw_input\data_source_physical_archives_manual\v0_0\files\Circulers\TCEX-VI-8 2001 09 11.pdf,,original_dataset,,Tea Board Circulers,
Circulers,TCEX-VI-8.pdf,\data\task1_raw_input\data_source_physical_archives_manual\v0_0\files\Circulers\TCEX-VI-8.pdf,,original_dataset,,Tea Board Circulers,
Circulers,TCEXHS-1 2010 07 2.pdf,\data\task1_raw_input\data_source_physical_archives_manual\v0_0\files\Circulers\TCEXHS-1 2010 07 2.pdf,,original_dataset,,Tea Board Circulers,
Circulers,TCEXHS-1.pdf,\data\task1_raw_input\data_source_physical_archives_manual\v0_0\files\Circulers\TCEXHS-1.pdf,,original_dataset,,Tea Board Circulers,
Circulers,TCEXHS-2 2010 07 2.pdf,\data\task1_raw_input\data_source_physical_archives_manual\v0_0\files\Circulers\TCEXHS-2 2010 07 2.pdf,,original_dataset,,Tea Board Circulers,
Circulers,TCEXHS-2.pdf,\data\task1_raw_input\data_source_physical_archives_manual\v0_0\files\Circulers\TCEXHS-2.pdf,,original_dataset,,Tea Board Circulers,
Circulers,TCEXHS-3 2010 07 02.pdf,\data\task1_raw_input\data_source_physical_archives_manual\v0_0\files\Circulers\TCEXHS-3 2010 07 02.pdf,,original_dataset,,Tea Board Circulers,
Circulers,TCEXHS-3.pdf,\data\task1_raw_input\data_source_physical_archives_manual\v0_0\files\Circulers\TCEXHS-3.pdf,,original_dataset,,Tea Board Circulers,
Circulers,TMR-LL-99 1999 09 23.pdf,\data\task1_raw_input\data_source_physical_archives_manual\v0_0\files\Circulers\TMR-LL-99 1999 09 23.pdf,,original_dataset,,Tea Board Circulers,
Circulers,TMR-LL-99-1.pdf,\data\task1_raw_input\data_source_physical_archives_manual\v0_0\files\Circulers\TMR-LL-99-1.pdf,,original_dataset,,Tea Board Circulers,
Circulers,TMR-LL-99-2.pdf,\data\task1_raw_input\data_source_physical_archives_manual\v0_0\files\Circulers\TMR-LL-99-2.pdf,,original_dataset,,Tea Board Circulers,
Circulers,TMR-LL-99-3.pdf,\data\task1_raw_input\data_source_physical_archives_manual\v0_0\files\Circulers\TMR-LL-99-3.pdf,,original_dataset,,Tea Board Circulers,
Circulers,TMR-LL-99-4.pdf,\data\task1_raw_input\data_source_physical_archives_manual\v0_0\files\Circulers\TMR-LL-99-4.pdf,,original_dataset,,Tea Board Circulers,
Circulers,TMR-LL-99-5.pdf,\data\task1_raw_input\data_source_physical_archives_manual\v0_0\files\Circulers\TMR-LL-99-5.pdf,,original_dataset,,Tea Board Circulers,
Circulers,TMR-LL-99-6.pdf,\data\task1_raw_input\data_source_physical_archives_manual\v0_0\files\Circulers\TMR-LL-99-6.pdf,,original_dataset,,Tea Board Circulers,
Circulers,TMR-LL-99-7.pdf,\data\task1_raw_input\data_source_physical_archives_manual\v0_0\files\Circulers\TMR-LL-99-7.pdf,,original_dataset,,Tea Board Circulers,
Circulers,TMR-LL-99.pdf,\data\task1_raw_input\data_source_physical_archives_manual\v0_0\files\Circulers\TMR-LL-99.pdf,,original_dataset,,Tea Board Circulers,
Circulers,TWR-1.pdf,\data\task1_raw_input\data_source_physical_archives_manual\v0_0\files\Circulers\TWR-1.pdf,,original_dataset,,Tea Board Circulers,
Circulers,TWR-2.pdf,\data\task1_raw_input\data_source_physical_archives_manual\v0_0\files\Circulers\TWR-2.pdf,,original_dataset,,Tea Board Circulers,
Circulers,TWR-3.pdf,\data\task1_raw_input\data_source_physical_archives_manual\v0_0\files\Circulers\TWR-3.pdf,,original_dataset,,Tea Board Circulers,
Circulers,YMR-LL-99-8 199 12 3.pdf,\data\task1_raw_input\data_source_physical_archives_manual\v0_0\files\Circulers\YMR-LL-99-8 199 12 3.pdf,,original_dataset,,Tea Board Circulers,
Circulers,YMR-LL-99-8.pdf,\data\task1_raw_input\data_source_physical_archives_manual\v0_0\files\Circulers\YMR-LL-99-8.pdf,,original_dataset,,Tea Board Circulers,
